{
    "loss": [
        37.58058166503906,
        4.558013439178467,
        3.5101101398468018,
        4.445444583892822,
        3.1346852779388428,
        2.1861019134521484,
        2.304227590560913,
        2.5057859420776367,
        1.818483591079712,
        1.7050806283950806,
        1.5317593812942505,
        1.5307884216308594,
        1.5136059522628784,
        1.4347065687179565,
        1.4050891399383545,
        1.3405494689941406,
        1.1608422994613647,
        1.1106903553009033,
        0.9601673483848572,
        1.1872378587722778,
        1.1430792808532715,
        0.9020587205886841,
        0.9255901575088501,
        1.3127344846725464,
        0.9441425800323486,
        1.0006089210510254,
        0.9028325080871582,
        0.8291425108909607,
        0.9012020230293274,
        1.0591421127319336,
        0.9121245741844177,
        0.9904085397720337,
        1.036190152168274,
        0.8227968811988831,
        0.8043188452720642,
        0.6841332316398621,
        0.8196278214454651,
        0.9718717932701111,
        1.3293302059173584
    ],
    "accuracy": [
        0.07375270873308182,
        0.09327548742294312,
        0.190889373421669,
        0.22125813364982605,
        0.29718005657196045,
        0.35357916355133057,
        0.4078091084957123,
        0.42950108647346497,
        0.4663774371147156,
        0.509761393070221,
        0.5140997767448425,
        0.5401301383972168,
        0.5444685220718384,
        0.5683296918869019,
        0.5683296918869019,
        0.5704989433288574,
        0.6182212829589844,
        0.6247288584709167,
        0.661605179309845,
        0.6485900282859802,
        0.6420824527740479,
        0.6637744307518005,
        0.661605179309845,
        0.5986984968185425,
        0.6789587736129761,
        0.6659436225891113,
        0.7418655157089233,
        0.6832971572875977,
        0.7310194969177246,
        0.6637744307518005,
        0.7136659622192383,
        0.7049891352653503,
        0.6832971572875977,
        0.7180043458938599,
        0.7288503050804138,
        0.7527114748954773,
        0.7310194969177246,
        0.7440347075462341,
        0.6442516446113586
    ],
    "val_loss": [
        7.56594705581665,
        7.84912109375,
        3.177473545074463,
        5.041996002197266,
        2.583381175994873,
        2.1093106269836426,
        3.261181354522705,
        2.090327024459839,
        1.994552493095398,
        1.5758321285247803,
        1.415566086769104,
        1.4499187469482422,
        1.4352296590805054,
        1.8862708806991577,
        1.807788610458374,
        1.2726900577545166,
        1.5308616161346436,
        1.1306580305099487,
        1.8198541402816772,
        1.477028250694275,
        1.0724256038665771,
        1.0275673866271973,
        1.7318967580795288,
        1.2048606872558594,
        1.5020588636398315,
        1.3568534851074219,
        0.9682538509368896,
        1.203680157661438,
        1.355960726737976,
        1.110194206237793,
        1.1986236572265625,
        0.9664512276649475,
        0.9371016025543213,
        0.9589853286743164,
        1.6353960037231445,
        1.895524024963379,
        1.257416844367981,
        2.221611499786377,
        1.0550837516784668
    ],
    "val_accuracy": [
        0.04040404036641121,
        0.14141413569450378,
        0.1818181872367859,
        0.19191919267177582,
        0.2626262605190277,
        0.34343433380126953,
        0.34343433380126953,
        0.3636363744735718,
        0.49494948983192444,
        0.4545454680919647,
        0.49494948983192444,
        0.5656565427780151,
        0.4848484992980957,
        0.5050504803657532,
        0.46464645862579346,
        0.5757575631141663,
        0.5555555820465088,
        0.5959596037864685,
        0.5656565427780151,
        0.5353535413742065,
        0.6161616444587708,
        0.5858585834503174,
        0.5454545617103577,
        0.6464646458625793,
        0.6363636255264282,
        0.6363636255264282,
        0.6060606241226196,
        0.6464646458625793,
        0.5555555820465088,
        0.6363636255264282,
        0.6363636255264282,
        0.6666666865348816,
        0.6464646458625793,
        0.6262626051902771,
        0.7070707082748413,
        0.5959596037864685,
        0.6666666865348816,
        0.5555555820465088,
        0.5959596037864685
    ]
}