{
    "accuracy": [
        0.0780911073088646,
        0.09978307783603668,
        0.11279826611280441,
        0.2516269087791443,
        0.35791757702827454,
        0.42950108647346497,
        0.43600866198539734,
        0.509761393070221,
        0.5075922012329102,
        0.5336225628852844,
        0.5401301383972168,
        0.5878524780273438,
        0.5292841792106628,
        0.585683286190033,
        0.6377440094947815,
        0.6594359874725342,
        0.6832971572875977,
        0.687635600566864,
        0.6941431760787964,
        0.7114967703819275
    ],
    "loss": [
        28.254714965820312,
        10.557960510253906,
        3.5907914638519287,
        3.483614206314087,
        2.4863510131835938,
        2.0172226428985596,
        1.8725004196166992,
        1.5479403734207153,
        1.8008348941802979,
        1.566088080406189,
        1.4228755235671997,
        1.3393574953079224,
        1.4006561040878296,
        1.2270559072494507,
        1.0990025997161865,
        1.1202443838119507,
        0.9693547487258911,
        0.915622889995575,
        0.9074060916900635,
        0.850339412689209
    ],
    "val_accuracy": [
        0.10101009905338287,
        0.17171716690063477,
        0.23232322931289673,
        0.2525252401828766,
        0.4343434274196625,
        0.35353535413742065,
        0.4444444477558136,
        0.4343434274196625,
        0.4444444477558136,
        0.5555555820465088,
        0.5454545617103577,
        0.5252525210380554,
        0.46464645862579346,
        0.5757575631141663,
        0.5656565427780151,
        0.5555555820465088,
        0.5454545617103577,
        0.5959596037864685,
        0.6363636255264282,
        0.6262626051902771
    ],
    "val_loss": [
        22.8173828125,
        4.787597179412842,
        3.476524591445923,
        2.5735394954681396,
        2.5953423976898193,
        2.1632936000823975,
        1.8425993919372559,
        1.6602468490600586,
        1.8677667379379272,
        1.5066274404525757,
        1.270902395248413,
        1.4537547826766968,
        1.6434327363967896,
        1.0865153074264526,
        1.183345913887024,
        1.354597806930542,
        1.2748351097106934,
        1.1795679330825806,
        1.1550365686416626,
        1.4036260843276978
    ]
}