{
    "loss": [
        21.884111404418945,
        6.3551344871521,
        3.4648890495300293,
        2.9539990425109863,
        2.6293234825134277,
        2.4022676944732666,
        2.169158458709717,
        1.8373382091522217,
        1.8158824443817139,
        1.6850650310516357,
        1.551582932472229,
        1.5265790224075317,
        1.463088870048523,
        1.521748661994934,
        1.5827767848968506,
        1.1961323022842407,
        1.2113227844238281,
        1.380692720413208,
        1.2330164909362793
    ],
    "accuracy": [
        0.0759219080209732,
        0.09327548742294312,
        0.1366594433784485,
        0.17787419259548187,
        0.2537961006164551,
        0.3253796100616455,
        0.4034707248210907,
        0.4425162672996521,
        0.4425162672996521,
        0.4663774371147156,
        0.5292841792106628,
        0.5140997767448425,
        0.546637773513794,
        0.5596529245376587,
        0.5770065188407898,
        0.5965293049812317,
        0.6052060723304749,
        0.6377440094947815,
        0.6377440094947815
    ],
    "val_loss": [
        11.704855918884277,
        3.860997438430786,
        3.0986111164093018,
        2.6045901775360107,
        2.3595216274261475,
        2.169508695602417,
        1.7902735471725464,
        2.6392250061035156,
        1.9375841617584229,
        1.557171106338501,
        1.4997743368148804,
        1.4390463829040527,
        1.2394450902938843,
        1.4413384199142456,
        1.7063102722167969,
        1.2637014389038086,
        1.2722147703170776,
        1.3259562253952026,
        1.7163333892822266
    ],
    "val_accuracy": [
        0.06060606241226196,
        0.08080808073282242,
        0.13131313025951385,
        0.20202019810676575,
        0.28282827138900757,
        0.3737373650074005,
        0.4545454680919647,
        0.3636363744735718,
        0.42424243688583374,
        0.5555555820465088,
        0.5656565427780151,
        0.5555555820465088,
        0.6464646458625793,
        0.5050504803657532,
        0.6060606241226196,
        0.5050504803657532,
        0.5555555820465088,
        0.5858585834503174,
        0.5050504803657532
    ]
}